content,score,Label
Saya berani bertaruh kalau sekarang omset wahyoo menurun. Ga seperti th.2022 atau th yg lalu.. di karenakan praturan baru....,1,Negatif
di wahyoo gak bisa daptar sendiri hrus lewat salles jdi mls belanja d sini lgi soalnya saya pernah samperin salles katanya jangan daftar sendiri biar bisa masukan referal salles nya kli y,1,Negatif
"Wahyoo makin kesini makin buruk, padahal sistem lama itu bagus bgt. Skrg jarang blanja karna ada min order. Ditambah susah buat verifikasi nya. Menyebalkan. Mau ambil dompet wahyoo jd gk bisa karna verifikasi gk ada. Parah wahyoo skrg.",1,Negatif
keren,5,Positif
Wahyoo sekarang sepertinya tidqk bisa untuk sahabat para kuliner kecil seperti saya Semenjak minimal belanja naik dari 200 dapat gratis ongkir kini menjadi 800 ribu minimal baru dapat gratis ongkir warung kecil seperti saya merasa sangat memberatkan Alhasil sqya sekarang males blanja Mending k toko atau warung sebelah 75 ribu aja mau antar gratis pula g pake ongkir,2,Negatif
Harga mahal... Biaya ongkir juga mahal... Dulu langganan.. sekarang pindah haluan,1,Negatif
Suka bgt... Apalagi jaman ada Pay later.. sayang aj skrg jadi d kenai ongkir... Kudu belanja banyak dulu baru bisa freeong...游땗,5,Positif
Sampai detik ini saya belom belanja lagi Semenjak ada pembaharuan Belanja 800 Atau 1jt baru bisa gratis ongkir Barang banyak yang kosong Harga lumayan tinggi Layanan gratis ongkir hilang Voucher hadiah cuma begitu Gak tertarik lagi Udah 3bulan libur belanja Apakah ada yg seperti saya?,1,Negatif
Semakin kesini semakin mahal bgt..,1,Negatif
Aplikasi bagus sangat membantu,5,Positif
"Sangat memudahkan para UMKM dalam urusan berbelanja, sehingga kami para UMKM dapat fokus ke lain hal dalam pengembangan usaha kami, terima kasih Wahyoo...",5,Positif
Aplikasi yang sangat membantu kebutuhan memasak,5,Positif
"Makin mantab ini, makin berkembang dan jost",5,Positif
"Kualitas barang tidak bagus, setiap hari saya pesan di sini, harga mahal saya tidak ada masalah, tapi kalau udah harga mahal cabe pada busuk semua saya konfimasih ke pihak bersangkutan tidak ada kembalian dana atau apa pun. ada bail nya sebelom di kirim barang cek kualitas kita beli mahal buat kualitas produk, bukan beli mahal buat kualitas jelek",1,Negatif
Belanja jadi mudah游봃,5,Positif
Bagus & sangat membantu,5,Positif
Senang belanja di wahyoo,5,Positif
Sesimpel itu bertransaksi.. terimakasih sudah mempermudah..,5,Positif
"Produknya seger,kualitas bagus, pengiraman cepat, skrng bs pakai paylater, jadi nya bs buat nambah modal buat usaha.",5,Positif
"Aplikasi sangat membantu untuk UMKM seluruh Jabodetabek , sangat fast respon dan keren !",5,Positif
"Belanja hemat harga pas gak perlu kepasar sdh dapet harga suplier dan bahan baku lengkap,Barang dikirim sampe rumah gak khawatir macet,panas atw hujan.yang paling penting ada poin utk ditukar voucher belanja.Terima kasih WAHYOO游땒",5,Positif
Bagus banget sangat membantu untuk kalangan menengah kebawah khususnya UMKM dan Warnas yang ada di Jabodetabek,5,Positif
"Sekarang sdh Jarang Belanja di Wahyoo,semenjak ada perubahan baru menimal Belanja 800rb untuk pengiriman Siang, Menimal 1juta untuk pengiriman Pagi, biaya ongkir 25rb - 35 ribu, Yg jadi pertanyaan kalau barang yg Kita butuhkan komplit Tidak masalah, biarpun Ongkirnya 50Ribu, ini Barang nya Juga seringkali kosong2 , Harga nya juga Jauh lebih Mahal2, Sblmnya sy belanja 110juta/3Bln , Sekarang 10jt /Bln, Jika Wahyoo tidak memperbaiki nya lama2 kehilangan pelanggan",1,Negatif
Wahyoo is the best bagi saya,5,Positif
"Cuma mau mau bilang kembalikan aja sistemnya sprti tahun 2022...sekarang ga bisa belanja sdikit,sedangkan kita warung kecil",1,Negatif
Barang2 diwahyoo mahal2 jadi malas blnja dusini,3,Negatif
"Wahyoo sekarang banyak ngecewain pelanggan.... Jadi males kalau order lagi, aturan kayak yg kemarin aja, jangan kayak begini... Kalau masih begini terus menerus lama pailit karna konsumen pada kabur, tolong lah pelayanannya seperti kemarin aja... Maaf ya wahyoo... Udah gak sreg lagi ini saya...",1,Negatif
Beli belanjaan 300 rb udb kena ongkir lagi udh nggk kek dluu,1,Negatif
"Setiap ada pembaharuan semakin tidak lebih baik,,, ada biaya layanan dan ongkir s/d total 45rb... Belanja harus banyak baru gratis,,, dan vocer udh dihapusin... Klw tidak seperti semula pelanggan pada hilang,,, krna lebih baik belanja sendiri dripda bayar biaya layanan dn ongkir yg lumayan besar... Yang jualan bahan baku ada dimana-mana... Maaf sy dlu pelanggan setia, hampir setiap hari ada orderan, sekarang minat sy berkurang belanja disini",1,Negatif
"Udah gk mau belanja lgi,sekarang udah kena ongkir+biaya layanan,terima kasih",1,Negatif
Wahyoo dlu bukanlah yg sekarang,1,Negatif
Tanda tanda sudah mau bangkrut.. Poin buruan abisin keburu tutup,2,Negatif
Drivernya ramah bngt,5,Positif
Terima kasih barang sudah kami terima,5,Positif
Aplikasi wahyoo gak benar Giliran poin sudah banyak malah toko nya di tutup permanen biar gak bisa tukar poin,1,Negatif
Kecewa saya pakai aplikasi ini,1,Negatif
"Qris nya bermasalah,,tolong d perbaiki",1,Negatif
Ok punya,5,Positif
"Telur yg di kirim bnyak yg pecah&retak,busuk2 juga setelah di claim tdk mau di ganti,proses claim berbelit2 dan lama pakai banget...",1,Negatif
Barangnya kosong Mulu...,1,Negatif
Bijak,5,Positif
Ok,5,Positif
Belanja yg menyenangkan,5,Positif
Klau bisa ada cabe putihny,5,Positif
Harganya sangat jauh dari harga prasarananya mahal,1,Negatif
Keren游땙游游낕,5,Positif
Msntap,5,Positif
Lumayan mebantu,5,Positif
Mantappp,5,Positif
Harga bersahabat,5,Positif
Ok,5,Positif
Mantap,5,Positif
Pesenan saya ngak dikirim,1,Negatif
Alhamdulillah dapat potongan harg 75k. Sukses selalu Wahyoo,5,Positif
"Ribet daftarnya. Lewat online, verifikasi lambat. Dan gak cocok buat umkm kecil. Harus ada ini itu. Sedangkan survei ke lokasi langsung gaada.",1,Negatif
Aplikasi nya mantul sy baru langganan 2 bulan lebih karna terima tantangan dapet hadia kompor kedua dapet hadiah oven kirin klaim hadiah 10 hari kemudian dikirim bener2 mantep,5,Positif
Mantap,3,Negatif
"Aplikasi kacau,udah buang waktu ngisi data segala macam sama salesnya,kurirnya ngirim gak ngabarin,main cancel"" aja,lAngsung uninstal",1,Negatif
"Stok di banyakin setiap mau pesen stok selalu habis, dan untuk para seles yg awal nawarin apk ini mohon tepati janjinya yg mau ngasih hadiah, 4 bulan lalu mau ngasih hadiah kompor nyampe sekarang bhulshit..! udah kendor order di wahyoo lagi yg pertama karena selesnya ga jelas, yg ke dua harga bahan sekarang malah lebih mahal dari harga pasaran gak kaya dulu",1,Negatif
"Aplikasi ga jelas jangan download buang2 kuota,semua stoknya gada yang bisa di beli,cuma jadi pajangan doang kali ya",1,Negatif
Msntul,5,Positif
"lumayan lah, tapi produk yang penting untuk promo malah lama ketersediaan stocknya",3,Negatif
ok,5,Positif
Hadiah tantangann. Tambah. Lgi donggg,5,Positif
Pengalaman buruk belanja disini...barang salah tidak dapat diganti ...,1,Negatif
Pengiriman ke tangerang kab blm bisa pagi jam 6,4,Positif
"Pengiriman cepat, kurir pun ramah",5,Positif
Mantap wahyoo..belanja dpt cashback plus hadiah,5,Positif
"Aneh aplikasi nya .. maasa belanja harus ditargetin mana mahal"" semua lagi .. ya mending belanja di aplikasi HATATA murah banyak promonya",1,Negatif
mantappppp,5,Positif
Bagus tinggal pesen besokny d antar tingkatkan terus y wahyo,5,Positif
Recommended,5,Positif
Pengin tau caranya biar dapat hadiah 2 dari wahyo gampang caranya 1 akun 2 hadiah klw ngejar target japri bos,1,Negatif
Alhamdulillah terimakasih banyak ya bapak ibu kirimannya baguus banget,5,Positif
Sangat memuaskn,5,Positif
"tolong didik sopir & cs , hargai pembeli! Saya beli cash eh barang ga diantar, alasan warung tutup. Punya tangan atau hp tinggal telpon atau getok aja pintunya. Ini ga ada omongan apa apa main tinggal aja, sekongkol sopir & cs. Udah langganan 3 tahun, dikecewakan terus. Mending belanja toko tetangga biar mereka berkah",1,Negatif
Mau daftar tidak di ACC..khusus warung makan游땞,1,Negatif
Sangat membantu untuk usaha,5,Positif
untuk para pedagang gak bisa ngandeli aplikasi ini . soalnya stoknya gak jelas . masa pihak wahyoo nunggu barang kosong dlu baru di isi lagi . trus ngisinya gak bentar bisa berminggu2. jadi mau jualan juga susah kalau stoknya kosong trus .,1,Negatif
"Cepat pengiriman nya,,,",5,Positif
Anter ke lokasi Warung Alafabi 游녨游녨游녨,5,Positif
Ok,5,Positif
"Pengiriman selalu tidak sesuai dengan jam yang di pilih, saya pengguna aktif yang belanja seminggu bisa 4x dan nominal tidak sedikit tapi selalu di kecewakan, udah di bilang warung saya operasionalnya jam 11.00 dan sudha milih jam pengiriman siang, tetap aja di kiri. Pagi jam 07an.. Ga tau aplikasi ini bener2 sampah. Saya belanja disini karena cabe nya seger. Kalo engga malas banget.. Semoga segera dapat t4 yg baru biar ga beli disini. Sumpah hampir tiap kali belanja dibikin kecewa",1,Negatif
"Gak jelas wahyoo,,, tangguhin akun sebelah pihak,,, padahal kurir nya yg gak mau kirim dan konfirmasi pengiriman,,, kacau, sekarang malah akun saya ditangguhkan,,,",1,Negatif
Vocer blnjanya sangat membantu,5,Positif
Sangat membantu,5,Positif
Belanja di wahyoo enak teryata makin puas,5,Positif
Sangat puas,5,Positif
"Alamat pengiriman nya suka kacau... Kasian driver nya.. Udah minta di rubah berkali2 sampai skrg titik maps nya masih aja belum di rubah.... Terus beberapa kali beli ikan basah, kualitasnya gak bagus, terus timbangan berat nya suka gak pas... Walau selisih nya dikit tetep aja berat ga sesuai yg tertera, Dan hr ini sy belanja timun, plastiknya robek, isinya keluar2, dan tomat merahnya bbrp udah mau bonyok...",3,Negatif
Alhamdulillah sdh dtg,5,Positif
Kelamaan....udah kaya aplikator top rangking aja.....,1,Negatif
"Sangat membantu, Harga Kompetitif",5,Positif
Sy puas belanja d wahyoo,4,Positif
Sangat membantu,5,Positif
"Kecewa bget dengan aplikasi ini udh download udh di daftarin sama seles nya kta nya nunggu 2 HR aplikasi aktif tp akhir nya GK di acc jg setelah 2 hari dengan alasan GG kecil dan usahanya tidak memenuhi kriteria pdhal usahaku bener nyata. motor,mobil masih bisa parkir.kesan nya meremehkan usaha orang. jgn lihat dr sebuah jalan tp lihat dr kinerja nya",1,Negatif
Alhamdulillah...barang fresh....memuaskan ....tidak ribet....ngebantu bngt pokonya,5,Positif
Tuker poin kok lama sekali? Sampe 1bulan,5,Positif
Miris .. dah . Telat trs .. download salesnya wa doang gk dateng dateng . Hadeh gk jelas . Mending pake eden.fram lebih jelas . Pengiriman oke,3,Negatif
"Ulasan saya tidak dijawab malah dihapus. Ng berani mengakui kesalahan sendiri, aplikasi ng bisa diandalkan dan super mengecewakan. Sudah di note jam 7 pagi, tetap aj ng ditanggapi, malah tbh parah jam 19.00, Jam 21.00, ng sekalian jam 24.00 aj. Merugikan konsumen sampai ng bisa dagang. Kalau emng ng bisa perbaiki pelayanan, bagusan ng usah layanin konsumen dengan cara ng profesional. Tutup aj aplikasinya. Merugikan orang jutaan, mau di ganti voucher 15000. Emng dagang permen ya...",1,Negatif
Aplikasi yg bagus,5,Positif
haga tdk sesuai ekspektasi sya pikir krn salesnya bilang khusus umkm jd harga hrsnya lbh rendah dr pasaran tp trnyata tidak. pas awal murah krn ktolong promo aja selebihnya tdk lbh murah dr mini market mangkanya stop blanja,3,Negatif
"Jangan download klo ga mau kecewa Lebih dr 4 hr download tp blm bisa transaksi, masih blum di verivikasi alasannya sih sangat kecewa niatnya mau jadi langganan bahan produksi hadeeeeh.",1,Negatif
"Salesnya baik, mas Adie",5,Positif
Sangat membantu karena Ga harus ke pasar,5,Positif
Thnk salesnya baik atas nama adie,5,Positif
Salesnya baik. Terima kasih mas adi,5,Positif
Sales-nya mas Adie baik,5,Positif
Kecewa,1,Negatif
"Pengiriman cepat, kwalitas produk terjamin bagus",5,Positif
Good,5,Positif
Mantap,5,Positif
Oke . Bnyak bonusnya . Masukan : tolongs stoknya diperbanyak . Sering banget mau order stok pada kosong .,5,Positif
Sangat membantu usaha kecil,5,Positif
Mantappppppp pelayanannya,5,Positif
Pengiriman terlalu lama saya nyesel banget.beli disini,1,Negatif
Ok bnget,5,Positif
"Saran saya, saldo yang berasal dari cashback harusnya bisa ditarik ke gopay/ovo/bank,biar makin enak jadinya bukan cuman buat belanja di wahyoo doang, semoga pihak wahyoo bisa mewujudkan ini",3,Negatif
"Apliaksi oke, produk juga oke..tp pengirimannya Parah, Sdh note jam antar pagi ...(5-8) sampai jam 12.00. Harus di PERBAIKI dah DISTRIBUSINYA ..mkn ada SOP utk drivernya ... Hrsnya yg jauh2 di dahulukan...Dan produk yg msuk juga di data...yg duluan taruh di pling belakang..jadi supir ngga susah ambil...trm ksh",3,Negatif
"Dari pecel lele/ayam Ainun dan Warteg Ainun wong Brebes,top poin2nya yg bs di tukar hadiah,mantul hadiah2 tantangannya,sukses sllu tuk apk Wahyoo",5,Positif
Ok,5,Positif
"Pengatateran barang sesuai rute yg terdekat jd supir tdk bolak balik ,kasihan supirnya",5,Positif
mantabz 游녨游녨游녨,5,Positif
Saya dari AGBT KALIFOOD II udah kesekian kali nya pengiriman telat padahal udh di note. tolong di perbaiki pelanggan saya kecewa!,1,Negatif
Sayur2an nya segar2 bagus2 cabe bawangnya jg bagus smoga maju trs deh wahyoo.,5,Positif
Alhamdulillah sudah berlangganan setahun lebih ya smg ada reward bt kita,5,Positif
"Susah kalau belanja pihak penjual kebanyakan ngeles, bukan costumer yang jadi prioritas tapi malah anak buah yang jadi prioritas, buka jasa pengiriman aja kalau gitu, orang semua punya waktu, bukan cuma kurir aja yang punya waktu, masa harus nunggu2 kurir dengan estimasi yang gak jelas, bayangkan jika harus menunggu dari pagi hingga malam, gak jelas waktunya.",1,Negatif
"Aplikasi paling buruk kurir yang selalu bermasalah selalu di pelihara, kurir yang gak bermasalah entah kemana",1,Negatif
Salesnya ramah dan baik mas adi,5,Positif
Good,5,Positif
Good aplikasi,5,Positif
Sangat membantu puas pelanggan,5,Positif
Sales adi ramah dan mengajarkan aplikasi dengan baik,5,Positif
sales adi ramah,5,Positif
Sangat membantu,5,Positif
Knp jg harus foto ktp,1,Negatif
Ok,5,Positif
ok,5,Positif
Good,5,Positif
"Ok... Tepat waktu, bnyk promo",5,Positif
"Mungkin sama waktu awal2 pake apk ini, login susah, orderan pertama ga nyampe, orderan lama dateng, bikin kekinya itu sampe crew di marah2in, hehehehe.. sabar, makin hari makin kece deh ini apk, vouchernya bnyk, cashback, paylater dapet juga, paketan yg harganya murah, point yg bisa di tukar hadiah, tinggal pilih, klik pesen, nyampe besok.. makasih wahyoo, mba astri, bang akbar, imam, rudi.. di tunggu hadiah laennya 游游",5,Positif
Bagus aplikasi nya sangat membantu saya,5,Positif
"Sangat mengecewakan.Jelas2 sales blg isi data alamat pengantaran. Ud diisi malah ditanya balik. Bukan alamat di A y? Jelas2 ud by call bahas n nanya bs gak diantar ke lokasi B. N dia blg bs. Ud daftar mau order,semua yg saya butuhkan pdhl umum cabe2 tomat dll semua kosong. Tanya sales Malah sibuk blg aktivasi dl. Minta tlg tanyain stok sebenernya ready gak. Suruh buka app aja ud sesuai.. ud di SS barang kosong masih nanya balik. org jg dr sabar bs jd emosi. NOT RECOMMENDED!!!!",1,Negatif
Membantu,5,Positif
"Sudah coba order,pelayanan cepat,harapannya semoga wahyoo semakin berkembang dan produknya makin banyak ,Sukses Wahyoo,cheers游땒",5,Positif
Wkwkwk cari sono pelanggan F&B aneh looo gua pengen belanja aja ga bisa... LOL semoga cepet cepet bangkrut dahhh lo... SOMBONG BGT JADI APLIKASI AJA... MENDING WARPIN GA SOMBONY KAYAK ENTE BOSQUHH,1,Negatif
Sangat membantu.....mantap pokok nya......sukses terus wahyoo.....Aplikasi yg hebat...bisa mewujud kan impian kita semua.....,5,Positif
Muantappp... Salam suksesss.. dari warteg chandra.. semoga kedepanya untuk sayuran di komlit kan lagih,5,Positif
Good leadernya mas Adi,5,Positif
"Warteg suja, leadernya good mas adi",5,Positif
Wahyoo mantap,4,Positif
"Aplikasi AGBT sgt membantu ekonomi utk keluarga kecil sya, yg mana sya sebagai seorang single pareng skaligus mitra AGBT merasa terbantu disaat efek Pandemi Covid 19 spti skrg ini. Semoga berjalan lancar utk rejeki anak2 qu, juga utk Aplikasi Wahyoo nya semakin lebih baik lgi utk pelayanan ke Mitra dan juga ke Konsumen yg sudah pernah beli, maupun pembeli yg baru aja membeli menggunakan aplikasi Wahyoo semoga juga terbantu utk membeli keperluan dan kebutuhan hidup sehari2. Amin游똂游낕游똂游낕游똂游낕游游뗿游뗿",5,Positif
Blanja lebih mudah,5,Positif
"Sangat puas belanja di wahyoo banyak vojer belanja,harga lebih murah dari pada di pasar, sayur nya fres masih segar ,ikannya juga segar, ayam nya jg fres , alhamdulillahi apa pun yg saya butuin ada di wahyoo ,pesan sekarang besok langsung di kirim ,pengirimnya juga ramah trimakasih bang Rusli yg setia mengirim barang ke warung saya, trimakasih Wahyoo 游땎 yg percaya Keda saya untuk ranting hati, semoga wahyoo semakin sukses ,游쓇릯쓇릯",5,Positif
Okee,5,Positif
Sangat bermanfaat驕쥞잺,5,Positif
Parah keuangan di gofoodnya ngga langsung ontime !!!! Aku sunggu kecewa ikut gofood dari wahyooo,1,Negatif
Bagus bet,5,Positif
Ini buat pengguna pembeli gak bisa ?,1,Negatif
Sangat bagus,5,Positif
Bgus,5,Positif
Mantafff,5,Positif
Belanja lebih mudah gk perlu repot mau jalan semuanya sudah ada,5,Positif
"sangat membantu saya dalam berbelanja dan gak ribet, harga pun gk jauh beda sama harga2 di pasaran",5,Positif
Wah bagus banget,5,Positif
"Gak jelas, tidak recommended",1,Negatif
Sampah,1,Negatif
"Semoga lebih baik lagi,.untuk harga masih mahal dibandingkan harga pasar.lebih komplit lagi untuk persediaan barang.",3,Negatif
:v,5,Positif
"Aplikasi ngga jelas dan tdk kompeten sangat tidak recommend, langsung uninstall .",1,Negatif
Bagus,5,Positif
"Udah daftar, masih verifikasi terus",1,Negatif
Good,5,Positif
Good,5,Positif
Oke,5,Positif
Selalu di hati,5,Positif
ngabisin kuota doang suruh di perbarui tapi tetep ga bisa mengecewakn,1,Negatif
"Alhamdulillah,aq udah bs masuk d aplikasi ini游땕游땕",5,Positif
"Sudah isi data lengkap, upload KTP dan foto usaha tapi gagal terus saat daftar akun. Sudah menghubungi cs via wa tapi tidak ada tanggapan. Mohon diperbaiki. Tks",1,Negatif
Harganya mahal banget,1,Negatif
Gak usah di download,1,Negatif
Aplikasi gak berguna,1,Negatif
Sangat bermanfaat,5,Positif
Terima kasih wahyoo,5,Positif
"Sangat bermanfaat ,sukses wahyoo",5,Positif
Terimakasih wahyoo,5,Positif
Sangat memuaskan akan pelayanan.. Barang blanjaan juga lbih murah dri yg laen,5,Positif
"Jawa tengah gada ya ? Yah , mana dah daftar. G bs pake",3,Negatif
Good service,5,Positif
"Sangat membantu,sukses terus",5,Positif
Terima kasih wahyoo,5,Positif
"Aplikasi ribet, mau daftar susah ngga bisa2 masuk, payahhhh...sementara 1 bintang dulu",1,Negatif
Smoga lancar yah salesnya luar biasa sopan,5,Positif
Good,5,Positif
Terima kasih,5,Positif
Josslah,5,Positif
Minta dong program nya,5,Positif
Good,5,Positif
Mudahin lagi dong harga2 nya biar makin rajin saya belanjanya,5,Positif
Sangat membantu.,5,Positif
Sangat membantu,5,Positif
Terima kasih,5,Positif
Good aplikasi dan salesnya baik,5,Positif
Super App. Thanks.,1,Negatif
Sangat membantu kami dalam berwirasuasta,4,Positif
Terima kasih wahyoo,5,Positif
"Saya menyesal download aplikasi ini, ini aplikasi gak niat jualan dan harganya mahal.",1,Negatif
"Harganya mahal mahal, lebih baik beli di agen",1,Negatif
"mantabb nih harganya murah, barangnya berkualitas, sangat membantu pemilik warung",5,Positif
Aplikasinya lemot dan verifikasinya juga lama.Buang buang kuota internet aja.,1,Negatif
Aplikasi yang Sangat membantu,5,Positif
Pengalaman saya mengenal wahyu luar biasa sangat membantu saya balesnya pinter2 baik2 terima kasih banyak wahyu smoga semakin sukses kalian punya sales yg luar biasa sabar,5,Positif
Luar biasa,5,Positif
Belum coba belanja... tapi saya lihat menu nya kurang komplit 游때 apa karena masih hari raya idul Fitri,4,Positif
Ga bisa daerah ciracas parah lah,2,Negatif
Good. Belanja kapan saja dan diantar dengan baik. Semua pelayanan sangan profesional. Mari belanja di wahyoo. Sangat rekomendet dan nyaman buat belanja disini.游뗵,5,Positif
"Ada sales yg menawarkan kerjasama ayam goreng,mereka menyediakan peralatannya.tp pas di survey hrs menyerahkan uang 500rb kpd surveyornya.br setelah itu di proses",5,Positif
Terima kasih wahyoo disaat lagi ke adaan poldemik covid kau memberi kami rejeki orderan nasi bungkus untuk rantang hati...semoga kau selalu jaya dan tambah sukses ..pokoke ok banget游땢游땢游땢游땢游녨游녨游녨游녨,5,Positif
"Ngabisin kuota aja, Ternyata hanya untuk usaha warung makan kata online chatnya diaplikasi ini, buat para pengguna jgn download aplikasi kalau bukan usaha warung makan, warung klontong, eceran dll ga bisa, ngabisin kuota aja.",1,Negatif
Aplikasinya mantabbb salesnya pun ramah,5,Positif
Bagus,5,Positif
Sales ali...,5,Positif
Mantap,5,Positif
"Eror, gK bisa masuk, gimana nih admin, kok buat aplikasinya gak bisa masuk, buat pelanggan kesal.",1,Negatif
Ga bs daftar server eror,1,Negatif
"Sms OTP ga nyampe, ga bisa login",5,Positif
Gimana mo ngasih bintang giliran mo verifikasi no telp server nte erorr,1,Negatif
Bakso chak pelita Ali wahyoo keren..sales ali,5,Positif
Bagus sales ali,5,Positif
di coba dulu ya,3,Negatif
"Download udah,,pembaharuan udah,tpi ko susah bngt ga bs d buka2,,gmn saya bisa belanja,,udah lah mnding d hapus saja,,trima kasih wahyoo atas kerja samanya",1,Negatif
Banyak voucer belanja mantul pokoe mas mbakyu,5,Positif
"Aplikasi masih di 2,8blom bisa masuk nih",5,Positif
Sangat mudah,5,Positif
Mantappp ditunggu bisa di semua daerah min,5,Positif
Bagus,5,Positif
Dengan adanya wahyoo belanja ngk ribet lagi harga terjangkau diantar dan kurirnya ramah banget,5,Positif
terima kasih wahyoo,5,Positif
Baru bergabubg sama wahyoo.. Produk bagus dan sales ali setiap minggu datang sukses buat wahyoo,5,Positif
Aplikasi bagus dan bermanfaat untuk.kita belanja sales ramah dan sabar ajarin kita aplikasi warung sampai kita bisa mengunakan aplikasi warung..makasih wahyoo,5,Positif
Dari soto dzaky sales bima..ramah dan sopan..maju trs wahyoo,5,Positif
Terima kasih wahyoo untuk pelayanannya,5,Positif
"Terima kasih wahyoo, semakin tambah maju",5,Positif
"Sangat Bagus,,, tapi tolong diperbanyak lagi seperti di olahan ikan sama bahan segar sayur sayuran 游녨",5,Positif
Ok,4,Positif
"Kalo bukan warung makan bisa gabung ga, cuma warung jajanan biasa kecil-kecilan Depan rumah.",3,Negatif
Dari Mulyasari Wahyoo bagus,5,Positif
"Apk gampang dimengerti, pesanannya cepat di anter, bagi kami bisnis pemula ini sangat membantu usaha kami..Terima kasih wahyoo",5,Positif
Warteg pool wahyoo asyik,5,Positif
Baik sekali,5,Positif
Bagus,5,Positif
Ramah dan bagus sales wahyooo maju trs tapi aplikasi update mulu,5,Positif
Bgus sales tyo,5,Positif
Top,5,Positif
Mantap banyakin lgi ya promonya biar blanjanya makin getol,5,Positif
Warteg 3 putra bagus dan sales ali ramah dan sopan..dan pengiriman cepat maju trs dan sukses buat wahyooo,5,Positif
Mantapp,5,Positif
Warteg 57 maju trs wahyoo barang nya murah dan pengiriman cepat saya udh berlangganan lama,5,Positif
Sales nya Chinese,5,Positif
Bakso denkus 88,5,Positif
Bagus dan mantap wahyooo dan sales wah yoo ramah dan sopan maju trs salam dari warteg zidan,5,Positif
Ramah dan bagus..maju terus untuk Wahyooo sales nya orng chinese,5,Positif
Sales ramah ali,5,Positif
"Sangat membantu ,kalau bisa varian produk lebih banyak",5,Positif
Tanjung enim bagus wahyoo,5,Positif
Kenapa tdk bisa verifikasi nomor telepon?,1,Negatif
Dari warnas mami ika bagus sales ramah,5,Positif
Ramah sales Wahyoo sales ali,5,Positif
jg gampang.. praktiss,5,Positif
"Kok saya error ya pas masuk apk nya, pas masuk langsung blank (cuma layar item doang udah), mohon diperbaiki",3,Negatif
terima kasih mas randy permana sudah diajarkan aplikasi ini sangat bermanfaat.sbelumnya saya kebinggungan bawa2 barang dari pasar.sekarang lebih mudah.sukses wahyoo,5,Positif
"Pengiriman barang oke, semuanya oke... terimakasih boss",5,Positif
Terima kasih wahyoo,5,Positif
Bagus aplikasi nya sales Wahyoo ramah dan sopan..,5,Positif
Mantap salam sukses,5,Positif
Salesnya ganteng. Jakbar kembangan,5,Positif
Mantap,5,Positif
"Barngnya murah"" dan semoga tambah komplit aja",5,Positif
Terima kasih wahyoo,5,Positif
Salesnya baik fan ganteng mas ADI,5,Positif
Sukses terus buat wahyooo Klo bsa perbanyak lgi promonya biar makin getol blanja,5,Positif
"Barang"" nya mahal, belum bisa diajak kerja sama . Belum bisa di terima.",2,Negatif
Bagus,5,Positif
Mak8n sukses wahyooo banyakin lgi promonya jangan pelit pelit hehehe salam sukses buat semua游때游때游때,5,Positif
Mantullll,5,Positif
ssukses terus buat wahyoo,5,Positif
"Terus maju wahyoo dan sukses selalu ,Salesnya wahyoo Ramah2 dan sopan",5,Positif
"Sangat ngebantu ada aplikasi sembako di sini ,apalgi sales tyo timur mantap bisa deket sma pemilik""warung klo bisa di pertahankan .maju bersama wahyoo",5,Positif
Bagus nih banyak program yg di tawarkan oleh wahyoo jdi bisa kejar impian but umroh,5,Positif
"Sangat membantu, terima kasih wahyoo",5,Positif
"Ngebntu kit belanja , sles tyo emg rajin",5,Positif
Manta..bagus wahyoo harga murah bgt,5,Positif
Mantap wahyoo,5,Positif
Wahyoo barang murah dan bagus..maju terus untuk wahyoo..dan sales nya ramah..menghadapi masalah apapun di warung,5,Positif
游녨游녨,5,Positif
Mantap,5,Positif
Sangat bagus,5,Positif
Makasih wahyoo,5,Positif
Bisa membantu utk memingkat kan belanjaan warung .sales tyo dan Randy,5,Positif
"Bos wahyoo nya baek,salesnya sabar, kurirnya ramah..dan yg penting wahyoo sering ngadain piknik gratis buat mas dan mbakyoo..ManTul..",5,Positif
Terlalu gede data ya,5,Positif
Lebih di tingkatkan lagi supaya belanjanya mudah,4,Positif
Ribet susah. Masa harus jdi member dulu klo mo liat ada apa aja didalm warung tsb.,2,Negatif
"bisa ngebantu warung , sales tyo selalu mengajarkan ,mksh utk wahyoo",5,Positif
"Cukup .membantu warung saya , sales tyo timur rajin",5,Positif
"Uninstall aja. Gagal verifikasi nomor hp berkali2, coba pake no lain gagal juga. Udh 3 no hp di coba gagal terus...nya udh Uninstall aja",1,Negatif
Cukup lumayan ngebantu mksh buat sales tyo timur,5,Positif
Manta,5,Positif
"Semoga wahyoo tambah maju , sukses untuk wahyoo dan sales mas adi",5,Positif
matep,5,Positif
saya dari warkop vw jkt timur mnurut saya murah tdk menjamin kebahagiaan warung.buat apa beli barang beda sdikit tapi tidak bahagia yg belinya.saya pribadi senang sekali bergabung di wahyoo sgala kesusahan saya teratasi dan sangat membantu kesejahteraan kluarga saya.sukses trus wahyoo.trimakasi mas randy dan smua kluarga wahyoo.,5,Positif
Cara daftar nya bagaimana? Saya sudah masukkan nomer telp kok gabisa?,1,Negatif
sangat membantu,5,Positif
"Saya dulu sales aplikasi sebelah, saya ingin bergabung dengan team sales wahyoo karena di lapangan banyak para warung dan pngusaha kuliner mendaftar sebagai mitra wahyoo. Saya sangat antusias ingin bergabung dengan team wahyoo. Mohon untuk link pendaftaran sales loker wahyoo. Trims...游똂",5,Positif
"Ini aplikasi gimana ya... Masa pas baru donwload, terus gk ada keterangan registrasi, hanya ada tombol masuk saja, tapi stelah masuk dan isi no hp malah gk bisa... Aneh banget :d",2,Negatif
Kecewa. Ga bisa login... Padahal saya pengguna baru...,1,Negatif
Sales nya ganteng mas adi,5,Positif
Tidak bisa masuk,1,Negatif
Ok,5,Positif
Luar biasa puas trimakasih wahyoo Sukses terus,5,Positif
Sangat membantu kita,5,Positif
"Aplikasi yang bermanfaat , jadi tidak perlu belanja lagi ke pasar , semoga semakin maju dan berkembang untuk palikasi nya wahyoo",5,Positif
Mantap,5,Positif
Pelayananya mantap游녨游녨游녨,5,Positif
mantap lah,3,Negatif
Lumayan bisa membantu saya utk belanja online( mantap buat sales tyo timur ),5,Positif
Good jobs,5,Positif
"Udah daftar tp blm diverifikasi katanya blm mencakup area cikarang tp di sekitar tempatku banyak warung yg ikut wahyoo,aplikasi gk jelas tlong diperbaiki lg",1,Negatif
Trimakasih wahyoo saya sdh bergabung kurang lebih 2 tahun pelayanannya memuaskan,5,Positif
Promonya di banyakin lgi dong minnn bar makin rajin blanjanya 游때 游때 游때,5,Positif
Promo di perbanyak lg,5,Positif
Makin mudah belanja gaperlu ke pasar... Sales agus setiawan mantaaaap lah,5,Positif
Wow,5,Positif
"aplikasi kagak jelas baru mau log in aja kagak bisa,,uninstal lagi dah",1,Negatif
Lebih mudah untuk akses belanja dan lebih hemat waktu,5,Positif
Tambah ribet,3,Negatif
Aplikasinya bagus banget...,5,Positif
"Kerennnnn semoga selalu sukses, dan bisa jadi saluran berkat bagi semua warung makan di Indonesia",5,Positif
Terima kasih wahyoo,5,Positif
Bukan nya mudah digunain malah susah buat salesnya kasian ni mas iqbal,1,Negatif
"A high impact startup with a very good app! Very beneficial and useful for owners of warung makan (canteens, small restaurants) in order to grow their business.",5,Positif
Mantaps,5,Positif
Mantap aplikasinya makin keren( warteg arus seles agus jaktim)游땘游땘,5,Positif
"harga murah,trs saya ajak orang dapat sovenir lgai",5,Positif
Oo,1,Negatif
tidak bisa login,5,Positif
"Aplikasi wahyoo membuat belanja menjadi mudah,, barang yang kita pesan sesuai dengan gambar di aplikasi,,, terima kasih wahyoo.....",5,Positif
Good job,5,Positif
menginsipirasi,5,Positif
Ok bagus,5,Positif
Mau bergabung semoga dagangan ku maju,5,Positif
Ok,5,Positif
Mau daftar ngga bisa bisa. lagi masukin foto tiba2 keluar sendiri.. Berkali kali kaya gitu terus.!! Kesel,1,Negatif
Bagus amat apliksi memudahkan warung belanja harga murah游땢游녨游녨游녨游녨,5,Positif
Bagus,5,Positif
Mantul Timur,5,Positif
Mantap,5,Positif
Okj,5,Positif
Bagus aplikasi nya,5,Positif
Mamtap ayu bang kumis sales ali,5,Positif
Bagus rm karawang mantap,5,Positif
warteg mekar sari aplikasi mantan sunter jaya,5,Positif
Bagus aplkasi,5,Positif
dari bakso raos tanjung priok aplikasi mantap,5,Positif
Bagus dari warkop ibu dewi sales ali..mantap aplikasi wahyoo maju terus dan berkembang,5,Positif
"1kata aja. ""MAHAL""",1,Negatif
Bagus banget,5,Positif
Sangat membatu warung blanja jdi lebih mudah dan praktis,5,Positif
Ook,4,Positif
Bagus aplikasi nya,5,Positif
B ajA,5,Positif
"Kapan nih wahyoo lengkapin semua stok barang...tambahain juga dong pake dompet virtual ,,fintech macam ovo,Dana atau linkaja...biar dapat casback gitu..TAMBAHIN TOMBOL BARANG DITERIMA DI APLIKASI BIAR POIN LANGSUNG MASUK...BARANG SUDAH DITERIMA DI APLIKASI STATUSNYA MASIH DI SETUJUI",5,Positif
Kurang tanggap,1,Negatif
"Lupa pasword gimana bos..kode warung juga lupa ,padahal udah belanja di sini juga..gak ada pilihan reset password ke nomer terdaftar",3,Negatif
"Alhamdulillah belanja jdi mudah gk usah repot2 pergi kepasar tinggal klik..semua kebutuhan war칯ng ada disini...hemat waktu dan hemat biaya karena pengiriman barang free ongkir,tks buat wahyu",5,Positif
mantul,5,Positif
Gooood,5,Positif
Brg kurang komplit... wilayah jkt timur,3,Negatif
Coba dlu,5,Positif
sangat membantu ayo gabung,5,Positif
"lumayan membantu tp produk kurang lengkap , seharusnya tidak usah d khususkan alangkah lebih baik jika produk yg tersedia itu produk kebutuhan sehari-hari mungkin lebih membantu 游땕游땕 semoga lebih di tingkatkan lg kualitasnya",3,Negatif
Semakin sukses untuk.wahyoo,5,Positif
"APLIKASI PAYAH!!! BARANG BLM DITERIMA TAPI STATUS DITERIMA!!! PAYAH, BIKIN KAPOK AJA!!!!",1,Negatif
sangat membantu dan promo nya pun banyak saya suka,5,Positif
ga danta nih aplikasi apah tau,1,Negatif
gak bisa login,1,Negatif
"sangat membantu pedagang kecil, saran saya item barang nya mohon di banyakin",5,Positif
游녨游녨游녨,5,Positif
maju terus untuk wahyoo ttp jdi yg terbaik.....salam dari WARUNG MAKAN PACITAN,5,Positif
oke lah..,5,Positif
mantulll,5,Positif
aplikasi good,5,Positif
"Bagus sayang saya mau daftar tidak bisa karena Alamat ,,Saya tinggal di Bogor Kota",1,Negatif
mantapp,5,Positif
aplikasinya good,5,Positif
tidak bisa registrasi karena pilihan kota loading doang ga muncul muncul :(,1,Negatif
good,5,Positif
aplikasi ini sangat tidak berguna bagi masyarakat.,1,Negatif
Nggak usah dihubungi,1,Negatif
"apa fungsi dan kegunaan aplikasi ini ya,saya belum paham samasekali",1,Negatif
"payah, ga bisa login padahal pas daftar sukses",1,Negatif
Ok,5,Positif
kenapa ya? daftar nya susah bgt..?游뱂 sangat di sayangkan. kalau ngk bisa di pakai.,1,Negatif
lumayannn,5,Positif
"gak bisa dipake boss,udh register gak bisa login mohon pencerahan",1,Negatif
gak jelaz cara registrasi na,1,Negatif
Gak paham lagi udah daftar berkali2 kaga bisa login,1,Negatif
"maaf,,kenapa susah tuk login..sedangkan warungku sudah terdaftar dan sudah terpasang spanduk wlo voucher yang di janjikan belum turun.dan susah juga tuk mndaftar masuk,,nama,alamat,no hp,,kota,,tapi sayang masuk isi kolom di kecamatan sedangkan sudah masuk kota,dan kelurahanpun sangat salah atau kurang lengkap.thx",1,Negatif
mau coba dulu,5,Positif
keren,5,Positif
Ok,5,Positif
ok semoga semakin memudahkan,5,Positif
Susah bgt masuk nya pdahal udah buat akun Gymna donk cravnya,3,Negatif
puasssss,5,Positif
